"Date","Time","Hour","High_Facebook","High_Shopify","High_Beyond_Meat","High_Netflix","High_Pinterest","High_Sqaure","High_The_Trade_Desk","High_Okta","High_Snap","High_Datadog"
"2020-05-14","09:47:00","09","202.2700042725","744.4799804688","136.0","446.4299926758","16.2150001526","72.7399978638","287.075012207","176.6600036621","16.6499996185","66.1900024414"
"2020-05-14","09:33:00","09","202.5500030518","755.2899780273","134.8999938965","448.3500061035","16.4599990845","71.9300003052","286.0","174.9654998779","16.6299991608","66.3399963379"
"2020-05-14","09:37:00","09","203.8677978516","753.4799804688","137.7700042725","451.469909668","16.4109992981","72.5","288.8476867676","177.9299926758","16.6650009155","66.3799972534"
"2020-05-14","09:36:00","09","203.6399993896","755.0","136.3899993896","452.0","16.4109992981","72.4100036621","289.195892334","176.9550018311","16.6800003052","66.8700027466"
"2020-05-14","09:34:00","09","202.9400024414","753.5700073242","134.1900024414","448.7998046875","16.3099994659","72.0899963379","288.6400146484","175.9900054932","16.6200008392","66.4300003052"
"2020-05-14","09:31:00","09","202.8099975586","758.0900268555","135.9400024414","449.5","16.5400009155","72.4598999023","289.4498901367","175.75","16.7299995422","66.8499984741"
"2020-05-14","09:32:00","09","202.8200073242","756.983215332","135.5198974609","449.5100097656","16.5400009155","72.4400024414","288.0799865723","175.7850036621","16.7199993134","67.25"
"2020-05-14","09:53:00","09","201.716003418","739.6279907227","133.2899017334","444.25","16.0499992371","71.6299972534","284.5199890137","175.4100036621","16.5599994659","65.2399978638"
"2020-05-14","09:42:00","09","202.8800048828","751.225402832","136.0899963379","451.0","16.2700004578","72.6900024414","287.8200073242","177.9700012207","16.5849990845","65.5899963379"
"2020-05-14","09:50:00","09","201.9199066162","741.8499755859","134.0","445.8699951172","16.0799999237","72.3700027466","284.0","175.6750030518","16.5799999237","65.5299987793"
"2020-05-14","09:52:00","09","201.6600036621","740.4799194336","132.9799957275","444.245513916","16.1000003815","71.7850036621","284.6998901367","175.2949981689","16.5499992371","65.5559997559"
"2020-05-14","09:55:00","09","201.5700073242","737.9143066406","133.1999969482","443.7300109863","15.8999996185","71.6399993896","282.7976074219","174.4400024414","16.5100002289","65.0599975586"
"2020-05-14","09:45:00","09","202.5899963379","744.2470092773","135.4098968506","447.3999938965","16.2800006866","72.4899978638","286.7998962402","176.6100006104","16.6100006104","65.3000030518"
"2020-05-14","09:40:00","09","202.9900054932","747.5178222656","137.2899932861","450.429901123","16.360200882","72.2799987793","288.2900085449","177.25","16.5599994659","65.8199996948"
"2020-05-14","09:44:00","09","202.2299957275","747.8657226562","135.3827972412","446.2572937012","16.2700004578","72.3099975586","285.6600036621","176.3399963379","16.5699996948","65.25"
"2020-05-14","09:46:00","09","202.6499938965","747.5612792969","136.3899993896","447.200012207","16.2800006866","72.8099975586","287.8500061035","177.0","16.6949996948","66.0400009155"
"2020-05-14","09:56:00","09","201.5800018311","740.0","133.5","444.6199951172","15.9200000763","71.6399993896","282.2142028809","174.8200073242","16.5049991608","64.7904968262"
"2020-05-14","09:41:00","09","202.6799926758","747.8090209961","135.9998931885","450.1499938965","16.3500003815","72.3099975586","287.7699890137","177.2799987793","16.5499992371","65.1500015259"
"2020-05-14","09:39:00","09","203.25","751.992980957","137.9700012207","449.3500061035","16.3899993896","72.3199996948","288.6400146484","178.0","16.5699996948","66.2098999023"
"2020-05-14","09:51:00","09","201.8121948242","741.4769897461","134.1199951172","445.5325012207","16.1000003815","72.2850036621","284.4299926758","175.3249969482","16.5799007416","65.6200027466"
"2020-05-14","09:48:00","09","201.8699951172","743.1099243164","135.8600006104","445.2099914551","16.1399993896","72.679901123","286.2399902344","176.3600006104","16.6000003815","65.8499984741"
"2020-05-14","09:43:00","09","202.7799987793","750.0","136.1699981689","450.4718933105","16.3600006104","72.5599975586","287.0293884277","177.7218933105","16.5900001526","66.0"
"2020-05-14","09:38:00","09","203.8099975586","752.5723266602","137.7539978027","451.3800048828","16.4099998474","72.5","289.1300048828","178.0","16.6049995422","66.4800033569"
"2020-05-14","09:30:00","09","202.8300018311","750.2600097656","134.0","446.450012207","16.4899997711","72.4599990845","286.8500061035","175.5","16.6599998474","66.4499969482"
"2020-05-14","09:49:00","09","201.7400054932","741.0599975586","134.9900054932","444.7099914551","16.0599994659","72.4300003052","284.6099853516","175.7308959961","16.5699996948","65.5400009155"
"2020-05-14","09:35:00","09","203.4900054932","754.0","135.5","451.5","16.349899292","72.3286972046","288.2080078125","177.0","16.6499996185","66.8399963379"
"2020-05-14","09:54:00","09","201.0899963379","736.0100097656","132.4850006104","443.1499938965","15.8999996185","71.3799972534","282.1871948242","174.1300048828","16.5149993896","65.2200012207"
"2020-05-14","10:16:00","10","202.0","747.8699951172","136.4600067139","445.6900024414","16.2399997711","72.9000015259","286.7836914062","176.8740997314","16.7150001526","65.9800033569"
"2020-05-14","10:36:00","10","202.3699951172","740.9899902344","139.4900054932","441.75","16.4200000763","73.7900009155","286.2699890137","176.4499969482","16.7399997711","63.6100006104"
"2020-05-14","10:31:00","10","202.1399993896","741.8200073242","139.5599975586","442.6400146484","16.3999996185","73.2649993896","285.6499938965","176.1900024414","16.6700000763","63.1300010681"
"2020-05-14","10:39:00","10","202.8800048828","744.9735107422","138.7299957275","443.450012207","16.5249996185","74.3398971558","287.5799865723","177.2200012207","16.8199005127","64.2799987793"
"2020-05-14","10:25:00","10","202.5800018311","745.932800293","137.3999938965","443.6300048828","16.3850002289","73.0500030518","287.700012207","177.2299957275","16.7399997711","64.9899978638"
"2020-05-14","10:20:00","10","201.8999938965","744.7947998047","136.8500061035","444.2200012207","16.3099994659","72.8499984741","286.700012207","177.5399932861","16.7299995422","65.2099990845"
"2020-05-14","10:47:00","10","202.5","740.6300048828","137.2998962402","442.8900146484","16.5450000763","74.4100036621","286.950012207","176.1999969482","16.7800006866","63.1599998474"
"2020-05-14","10:29:00","10","202.2100067139","741.0","137.5489959717","442.8999938965","16.3150005341","72.9000015259","285.7699890137","176.2700042725","16.6599998474","63.7200012207"
"2020-05-14","10:32:00","10","202.3399963379","741.9998779297","139.0899963379","443.0100097656","16.3649997711","73.3899993896","285.8298950195","176.6598968506","16.6700000763","63.1699981689"
"2020-05-14","10:04:00","10","201.0","741.9398803711","134.3699951172","444.5999145508","15.9149999619","71.9349975586","283.200012207","176.6750030518","16.5200004578","65.4000015259"
"2020-05-14","10:58:00","10","202.8600006104","742.2299804688","137.4255981445","441.2644042969","16.5699996948","75.4300003052","288.8200073242","176.9750061035","16.875","64.3700027466"
"2020-05-14","10:50:00","10","203.2100067139","742.0","138.2299957275","443.8270874023","16.6049995422","75.1100006104","289.6499023438","177.1699981689","16.8199996948","63.4900016785"
"2020-05-14","10:49:00","10","203.2400054932","742.1082763672","137.5493927002","443.8999938965","16.6100006104","74.9000015259","289.842010498","177.2100067139","16.8199996948","63.4999008179"
"2020-05-14","10:46:00","10","202.5500030518","742.7299194336","137.7700042725","443.7510986328","16.5200004578","74.4400024414","287.4938049316","176.6999969482","16.7999992371","63.3899993896"
"2020-05-14","10:05:00","10","201.6699981689","746.0","135.5","445.7200012207","16.0300006866","72.1999969482","284.5710144043","177.4499053955","16.5599994659","65.9899978638"
"2020-05-14","10:08:00","10","201.9900054932","749.4849853516","135.4400024414","446.5100097656","16.1599998474","72.8199996948","286.9899902344","177.8025054932","16.6749992371","65.8600006104"
"2020-05-14","10:03:00","10","201.1100006104","742.2800292969","133.3999938965","444.5","15.9300003052","71.8799972534","283.5144042969","176.5975036621","16.5300998688","65.1302032471"
"2020-05-14","10:42:00","10","202.5599975586","744.2108154297","137.6199951172","442.9899902344","16.4449996948","74.2687988281","287.0849914551","177.0758056641","16.7900009155","63.8100013733"
"2020-05-14","10:18:00","10","201.6999969482","744.9931030273","136.0099945068","444.2099914551","16.2579994202","72.6800003052","286.7699890137","176.8600006104","16.6900005341","65.0500030518"
"2020-05-14","10:45:00","10","202.6600036621","744.0800170898","137.5800018311","443.5299987793","16.5300006866","74.4800033569","287.5100097656","176.8150024414","16.7950000763","63.6049995422"
"2020-05-14","10:53:00","10","203.3500061035","741.1500244141","138.7494049072","442.1726989746","16.6749992371","75.4300003052","290.0700073242","176.8200073242","16.9297008514","63.7999992371"
"2020-05-14","10:54:00","10","203.3300018311","742.950012207","138.7498931885","443.1700134277","16.6749992371","75.5599975586","290.0400085449","176.962097168","16.9300003052","63.7999992371"
"2020-05-14","10:27:00","10","202.7100067139","743.8198852539","137.5","444.1795959473","16.375","73.1999969482","287.1499938965","177.2498931885","16.7199993134","64.25"
"2020-05-14","10:28:00","10","202.5700073242","743.6359863281","137.6499938965","443.8598937988","16.3449993134","73.0699996948","286.5700073242","176.5800018311","16.7099990845","63.8499984741"
"2020-05-14","10:15:00","10","202.0899047852","748.8687133789","136.7498931885","445.9400024414","16.2404003143","72.8199996948","286.2113952637","177.0200042725","16.7099990845","65.9899978638"
"2020-05-14","10:38:00","10","202.7097015381","744.4000244141","138.9185028076","442.9200134277","16.5100002289","74.1600036621","287.25","177.0700073242","16.776599884","63.6300010681"
"2020-05-14","10:10:00","10","202.5","752.0","137.8399963379","446.049987793","16.25","73.0752029419","288.2300109863","177.8067932129","16.7399997711","66.5299987793"
"2020-05-14","10:43:00","10","202.5399932861","743.986328125","137.1900024414","443.0400085449","16.4899997711","74.1999969482","287.1199951172","177.2890014648","16.7999992371","63.8199996948"
"2020-05-14","10:35:00","10","201.9100036621","741.3049926758","139.3699951172","441.5700073242","16.3649997711","73.5100021362","285.1499938965","176.6049957275","16.6849994659","63.5800018311"
"2020-05-14","10:41:00","10","202.6898956299","745.1035766602","138.3600006104","442.8200073242","16.4799995422","74.2600021362","287.0","176.9598999023","16.7800006866","63.9399986267"
"2020-05-14","10:22:00","10","202.283203125","744.4948730469","137.4299926758","442.9349975586","16.3500003815","72.9599990845","286.8500061035","177.1699981689","16.7399997711","65.1600036621"
"2020-05-14","10:24:00","10","202.0399932861","745.4000244141","136.8200073242","442.9700012207","16.3400001526","72.849899292","286.5","177.2200012207","16.7299995422","64.8599014282"
"2020-05-14","10:13:00","10","202.2799072266","750.9896850586","137.179901123","445.0799865723","16.2099990845","73.0599975586","287.4140014648","177.3999938965","16.7049999237","66.1600036621"
"2020-05-14","10:33:00","10","202.1349945068","740.716796875","138.9700012207","441.4100036621","16.3700008392","73.5999984741","285.549987793","176.4700012207","16.6599998474","63.1790008545"
"2020-05-14","10:09:00","10","202.0899963379","750.950012207","136.6199951172","446.2980041504","16.2098007202","72.9100036621","287.9999084473","177.7299957275","16.7099990845","66.5500030518"
"2020-05-14","10:19:00","10","201.9799957275","745.6799926758","136.7899932861","444.2102050781","16.2999992371","72.7921981812","287.0621032715","177.7250061035","16.7199993134","65.1399993896"
"2020-05-14","10:21:00","10","202.1475982666","744.9050292969","137.6999969482","443.679901123","16.3400001526","73.0299987793","287.1799926758","177.3332977295","16.7299995422","65.4999008179"
"2020-05-14","10:40:00","10","202.8500061035","744.5728759766","138.3699951172","443.1293945312","16.5100002289","74.3229980469","287.0589904785","177.2299957275","16.8199996948","64.2900009155"
"2020-05-14","10:00:00","10","200.9779968262","739.0623168945","133.3686065674","443.4809875488","15.9399995804","71.6200027466","281.7749938965","176.0","16.5","65.4300003052"
"2020-05-14","10:37:00","10","202.4100036621","740.9899902344","139.3032989502","442.0799865723","16.4431991577","73.7900009155","286.424987793","176.7599945068","16.7399997711","63.6199989319"
"2020-05-14","10:48:00","10","202.9100036621","740.9799804688","137.1000061035","443.0400085449","16.5400009155","74.6350021362","287.3699951172","176.3800048828","16.7800006866","63.3100013733"
"2020-05-14","10:26:00","10","202.6399993896","745.0","137.5","444.1499938965","16.3924999237","72.9499969482","287.1924133301","177.1399993896","16.75","64.8337020874"
"2020-05-14","10:01:00","10","201.1499938965","741.5059814453","133.7671051025","444.4899902344","15.9899997711","71.8399963379","283.3999938965","176.1649932861","16.5300006866","65.6299972534"
"2020-05-14","10:06:00","10","201.6199951172","747.5093994141","135.5099945068","445.9890136719","16.0898990631","72.3499984741","285.5539855957","177.3049926758","16.6100006104","65.8199996948"
"2020-05-14","10:23:00","10","202.0500030518","744.3018798828","137.1900024414","441.8949890137","16.3400001526","72.8199996948","286.7699890137","177.1600036621","16.7399997711","64.9899978638"
"2020-05-14","10:12:00","10","202.5899963379","752.0","137.5","445.5","16.2063007355","73.0599975586","287.8999938965","177.3899993896","16.7250003815","66.1600036621"
"2020-05-14","10:07:00","10","201.7799987793","748.9000244141","135.3399963379","446.4700012207","16.1135005951","72.5599975586","286.5799865723","177.3600006104","16.6700000763","65.9400024414"
"2020-05-14","10:14:00","10","202.1199951172","748.5800170898","136.9299926758","445.1398925781","16.2450008392","72.9599990845","286.9299926758","177.0599975586","16.6900005341","65.6299972534"
"2020-05-14","10:59:00","10","202.9499969482","743.5800170898","137.75","441.3999023438","16.5750007629","75.5899963379","289.4899902344","177.0599975586","16.9057998657","64.4300003052"
"2020-05-14","10:51:00","10","203.0399932861","740.4600219727","138.1349945068","442.4349975586","16.6350002289","75.0999984741","289.049987793","176.7832946777","16.8199996948","63.7000007629"
"2020-05-14","10:11:00","10","202.3600006104","751.4199829102","138.0","445.9516906738","16.2399997711","73.0500030518","288.5","177.2299957275","16.7299995422","66.5"
"2020-05-14","10:44:00","10","202.3800048828","743.2800292969","137.1199951172","443.3330078125","16.4699993134","74.3000030518","286.9209899902","176.9299926758","16.7700004578","63.7599983215"
"2020-05-14","10:55:00","10","203.2949981689","743.0986938477","138.2729949951","443.179901123","16.6700000763","75.5199966431","290.0100097656","176.9700012207","16.8700008392","63.9799995422"
"2020-05-14","10:02:00","10","200.8399047852","738.0327148438","133.1100006104","443.6000061035","15.8999996185","71.5500030518","281.8900146484","175.7700042725","16.4899997711","65.429901123"
"2020-05-14","10:52:00","10","203.1399993896","739.9799804688","138.5","441.6646118164","16.6700000763","75.3199996948","289.4400024414","176.8399963379","16.8299999237","63.362701416"
"2020-05-14","10:17:00","10","201.8399963379","745.3499755859","136.3200073242","444.9299926758","16.2749996185","72.6999969482","286.6430969238","176.6649932861","16.6900005341","65.5550003052"
"2020-05-14","10:34:00","10","201.9499969482","741.4509887695","139.4299926758","441.7149963379","16.3700008392","73.6500015259","285.6400146484","176.8000030518","16.7000007629","63.3300018311"
"2020-05-14","10:56:00","10","202.8600006104","741.5349731445","137.7272949219","442.7099914551","16.6299991608","75.4199981689","289.3599853516","177.0700073242","16.8449993134","64.0899963379"
"2020-05-14","10:57:00","10","202.8399963379","742.0","137.3399963379","442.3243103027","16.5680999756","75.4199981689","288.9800109863","177.2350006104","16.8899993896","64.2399978638"
"2020-05-14","10:30:00","10","201.8526000977","739.3099975586","138.7200012207","442.2499084473","16.3400001526","72.9899978638","284.9502868652","176.0399932861","16.625","63.2299995422"
"2020-05-14","11:55:00","11","203.5489959717","750.5198974609","137.4900054932","435.9899902344","16.6499996185","75.1999969482","290.729888916","178.3300018311","16.761100769","63.9799995422"
"2020-05-14","11:22:00","11","203.5800018311","753.0701293945","138.75","436.25","16.8400001526","76.2099990845","293.2399902344","178.4100036621","16.8999004364","64.7189025879"
"2020-05-14","11:14:00","11","203.8699951172","753.7899780273","140.7145996094","440.4599914551","16.8899993896","75.9800033569","294.2184143066","178.7899932861","16.9599990845","64.8700027466"
"2020-05-14","11:34:00","11","203.75","754.6271972656","137.8623046875","436.9649963379","16.7241001129","75.8349990845","293.1499938965","179.3300018311","16.7999992371","64.2399978638"
"2020-05-14","11:41:00","11","203.3500061035","749.9365844727","137.7425994873","435.5663146973","16.5499992371","75.0899963379","290.8550109863","178.5500030518","16.7049999237","63.8899993896"
"2020-05-14","11:49:00","11","203.4900054932","751.75","137.3200073242","436.4899902344","16.5750007629","75.0999984741","290.575012207","178.5099945068","16.7000007629","64.0999984741"
"2020-05-14","11:59:00","11","202.8500061035","746.071105957","135.8500061035","433.625","16.5249996185","74.7900009155","289.2099914551","177.2200012207","16.6900005341","63.8441009521"
"2020-05-14","11:45:00","11","203.7098999023","753.4400024414","137.6699981689","436.7998962402","16.5750007629","75.1699981689","291.1299133301","179.0299987793","16.7000007629","63.8800010681"
"2020-05-14","11:51:00","11","203.1100006104","749.2650756836","137.4098968506","436.0950012207","16.5599994659","74.9700012207","289.6900024414","178.4900054932","16.6900005341","64.0399017334"
"2020-05-14","11:09:00","11","203.6100006104","751.0","139.4900054932","439.8699951172","16.8250007629","76.4899978638","293.6099853516","178.4100036621","17.0869007111","64.5899963379"
"2020-05-14","11:36:00","11","204.1999969482","754.3400268555","138.1999969482","437.5400085449","16.7549991608","75.8600006104","293.3475952148","179.7200012207","16.8299007416","64.2099990845"
"2020-05-14","11:21:00","11","203.9546051025","756.438293457","139.3800048828","438.2399902344","16.9298992157","76.4300003052","295.8298950195","179.2850036621","16.9599990845","64.9700012207"
"2020-05-14","11:44:00","11","203.6499938965","753.3900146484","137.6399993896","436.6669921875","16.5699996948","75.2699966431","290.2300109863","178.9199981689","16.7099990845","63.8800010681"
"2020-05-14","11:29:00","11","203.2192993164","749.4199829102","138.0500030518","435.8882141113","16.75","75.5500030518","292.1700134277","178.2057037354","16.7700004578","63.9199981689"
"2020-05-14","11:58:00","11","203.0399932861","747.8999023438","136.4228973389","435.0299072266","16.5499992371","74.9000015259","289.4599914551","177.4299926758","16.6800003052","63.8650016785"
"2020-05-14","11:26:00","11","203.1544952393","749.9000244141","138.25","434.1698913574","16.692899704","75.8499984741","291.9100036621","178.0800018311","16.7849998474","64.1699981689"
"2020-05-14","11:31:00","11","203.6999969482","750.9000244141","139.1499938965","436.1499938965","16.7999992371","75.9250030518","293.3500061035","178.4850006104","16.8099994659","64.1200027466"
"2020-05-14","11:35:00","11","203.9649963379","754.4899902344","138.1900024414","437.5","16.7600002289","75.8199996948","293.3999938965","179.4299926758","16.8199996948","64.1500015259"
"2020-05-14","11:15:00","11","204.0700073242","755.4899291992","141.0","440.2699890137","16.8469009399","76.1212005615","294.803314209","178.8150024414","16.9500007629","64.9499969482"
"2020-05-14","11:38:00","11","204.1999969482","753.4400024414","137.9727020264","437.8900146484","16.6650009155","75.7099990845","292.9700012207","179.7550048828","16.7950000763","64.0800018311"
"2020-05-14","11:32:00","11","203.8000030518","751.950012207","139.3500061035","436.2099914551","16.8199996948","76.0500030518","293.4400024414","178.6000061035","16.8099994659","64.3600006104"
"2020-05-14","11:10:00","11","203.6699981689","751.4000244141","139.8099975586","440.25","16.8500003815","76.2398986816","293.200012207","178.5350036621","17.0200004578","64.5"
"2020-05-14","11:56:00","11","203.1699981689","749.200012207","137.1699981689","435.5700073242","16.5799999237","75.0100021362","289.4729919434","177.8899993896","16.7049999237","63.9700012207"
"2020-05-14","11:17:00","11","204.1600036621","756.7800292969","140.8531951904","440.299987793","16.9099998474","76.3600006104","296.0","179.1499938965","17.0200004578","64.9599990845"
"2020-05-14","11:16:00","11","204.2400054932","757.4699707031","140.5794067383","440.6400146484","16.8799991608","76.1900024414","296.25","178.8950042725","17.0200004578","65.0"
"2020-05-14","11:07:00","11","203.8399963379","750.0","139.1000061035","440.3699035645","16.8799991608","76.3109970093","293.9100036621","177.8600006104","17.1499996185","64.9400024414"
"2020-05-14","11:20:00","11","203.9900054932","755.7800292969","139.7666931152","438.4200134277","16.9200000763","76.3499984741","294.9198913574","178.9949951172","16.9650001526","65.0"
"2020-05-14","11:33:00","11","203.4900054932","752.9699707031","138.8200073242","436.0","16.75","75.8399963379","292.4100036621","178.5850067139","16.7759990692","64.3499984741"
"2020-05-14","11:27:00","11","203.1300048828","748.8942260742","138.0099945068","434.9498901367","16.7600002289","75.6299972534","291.9100036621","178.0500030518","16.7800006866","63.8600006104"
"2020-05-14","11:25:00","11","203.25","751.2600097656","138.2899017334","434.1499938965","16.7399997711","75.9499969482","292.7099914551","178.25","16.8281002045","64.3399963379"
"2020-05-14","11:24:00","11","203.2299957275","751.5399780273","138.1900024414","434.1600036621","16.7397994995","76.0899963379","292.2799072266","178.1699981689","16.8400001526","64.1200027466"
"2020-05-14","11:57:00","11","203.1100006104","748.4752197266","136.7550048828","435.2799987793","16.5499992371","74.8700027466","289.6499938965","177.7899932861","16.7000007629","63.9099998474"
"2020-05-14","11:53:00","11","203.4100036621","748.7258300781","137.0200042725","435.9599914551","16.6000003815","75.1930999756","290.2900085449","178.2899932861","16.7350006104","63.8400001526"
"2020-05-14","11:03:00","11","203.1600036621","746.0650024414","139.0","439.3898925781","16.6900005341","75.6500015259","292.3200073242","177.9100036621","17.0550003052","64.6999969482"
"2020-05-14","11:40:00","11","203.4499969482","750.8699951172","138.1499938965","436.5249938965","16.5650005341","75.297996521","291.4399108887","178.8403015137","16.7099990845","63.9700012207"
"2020-05-14","11:18:00","11","204.2400054932","756.7800292969","140.6499938965","440.0400085449","16.9449996948","76.3700027466","296.8562927246","179.4700012207","17.0400009155","64.9700012207"
"2020-05-14","11:01:00","11","202.8300018311","744.4899291992","138.3347930908","438.9299926758","16.6299991608","75.3700027466","290.4190063477","177.1799926758","16.9650001526","64.4400024414"
"2020-05-14","11:48:00","11","203.3699951172","750.8499145508","137.3300018311","436.5700073242","16.5568008423","75.1299972534","289.7650146484","178.5899963379","16.6800003052","63.9000015259"
"2020-05-14","11:23:00","11","203.4199981689","750.6500244141","138.4078063965","434.3699951172","16.7700004578","76.1399993896","292.6400146484","178.3099975586","16.8500003815","64.1699981689"
"2020-05-14","11:39:00","11","203.9799957275","752.1701049805","138.1999969482","437.7250061035","16.6550006866","75.5400009155","292.3699951172","179.6199951172","16.7900009155","64.0"
"2020-05-14","11:19:00","11","204.0299987793","756.1500244141","140.0729064941","439.3380126953","16.9400005341","76.3600006104","295.5650024414","179.1100006104","17.0400009155","64.9343032837"
"2020-05-14","11:06:00","11","203.929901123","749.799987793","139.1000061035","439.8900146484","16.8500003815","75.9000015259","293.450012207","177.5700073242","17.1299991608","65.0"
"2020-05-14","11:00:00","11","202.9700012207","743.778503418","137.9199981689","440.5299987793","16.6100006104","75.4400024414","290.4899902344","177.1300048828","16.9479999542","64.4000015259"
"2020-05-14","11:12:00","11","203.5249938965","751.9699707031","140.0","439.9400024414","16.8349990845","75.8000030518","292.9899902344","178.8999938965","16.9599990845","64.4700012207"
"2020-05-14","11:13:00","11","203.8000030518","753.8400268555","140.3000030518","440.0599975586","16.8899993896","75.9899978638","294.4198913574","178.6100006104","16.9799995422","64.7699966431"
"2020-05-14","11:42:00","11","203.1651000977","750.9998779297","137.3365936279","436.2300109863","16.5321006775","74.8899993896","290.2099914551","178.5","16.7000007629","63.9000015259"
"2020-05-14","11:47:00","11","203.3899993896","750.7971801758","137.771697998","436.5299987793","16.5650005341","75.1800003052","290.6099853516","178.8000030518","16.6800003052","63.8800010681"
"2020-05-14","11:30:00","11","203.5003967285","749.9598999023","138.7200012207","435.8599853516","16.7900009155","75.9300003052","293.0249938965","178.3300018311","16.7900009155","64.1200027466"
"2020-05-14","11:46:00","11","203.6100006104","751.0949707031","137.8298950195","436.6799926758","16.5900001526","75.1913986206","290.9700012207","178.862701416","16.6949996948","63.7499008179"
"2020-05-14","11:02:00","11","203.0","745.8099975586","138.5","439.1099853516","16.6699008942","75.6699981689","291.7973937988","177.5","17.0","64.6492004395"
"2020-05-14","11:50:00","11","203.3500061035","749.2399902344","137.1999969482","436.1499938965","16.5349998474","75.0599975586","289.700012207","178.2799987793","16.6900005341","64.0800018311"
"2020-05-14","11:43:00","11","203.5299987793","752.0","137.6835021973","435.8999938965","16.5750007629","75.2300033569","290.875","178.9550018311","16.7199993134","63.9399986267"
"2020-05-14","11:28:00","11","203.1399993896","750.669921875","137.6799926758","435.1199951172","16.7397994995","75.5699996948","291.8699951172","178.1999969482","16.7700004578","64.1200027466"
"2020-05-14","11:52:00","11","203.2400054932","748.2913818359","136.9353027344","435.7699890137","16.5499992371","74.9499969482","289.8099975586","178.2550048828","16.6949996948","63.8800010681"
"2020-05-14","11:04:00","11","203.1399993896","746.799987793","138.8999938965","438.8900146484","16.6977005005","75.6100006104","291.7583007812","177.7799072266","17.0550003052","64.8600006104"
"2020-05-14","11:11:00","11","203.6699981689","752.9899902344","139.9900054932","440.246307373","16.8600006104","75.9303970337","293.6300048828","178.8000030518","16.9899997711","64.4803009033"
"2020-05-14","11:05:00","11","203.5249938965","747.2199707031","138.8199005127","438.8999023438","16.7900009155","75.8499984741","291.9999084473","177.3999938965","17.1000003815","65.0"
"2020-05-14","11:54:00","11","203.675994873","750.7598876953","137.4785003662","436.0950927734","16.6450004578","75.2798995972","290.9898986816","178.5","16.7719993591","63.9000015259"
"2020-05-14","11:08:00","11","203.8399963379","750.3800048828","139.1822967529","440.1900024414","16.8600006104","76.4599990845","294.1799926758","177.9400024414","17.1350002289","64.9499969482"
"2020-05-14","11:37:00","11","204.2700042725","754.0","138.1672973633","437.6499938965","16.75","75.8199996948","293.2300109863","179.8899993896","16.8299999237","64.1399993896"
"2020-05-14","12:02:00","12","202.8600006104","744.4149780273","136.0599975586","434.8949890137","16.5650005341","74.8899993896","289.4437866211","177.1849975586","16.6900005341","63.1599998474"
"2020-05-14","12:14:00","12","202.9700012207","745.9400024414","136.4499969482","435.8500061035","16.6599998474","75.5100021362","289.3900146484","176.7599945068","16.7099990845","62.9749984741"
"2020-05-14","12:05:00","12","202.9149932861","746.25","136.4750061035","435.7799987793","16.6599998474","75.1399993896","289.8699951172","177.1199951172","16.7000007629","63.1744995117"
"2020-05-14","12:35:00","12","203.9100036621","747.7800292969","136.9199981689","438.5450134277","16.7999992371","75.5495986938","291.9996032715","177.3899993896","16.7049999237","63.8300018311"
"2020-05-14","12:01:00","12","203.0500030518","745.1300048828","136.1100006104","434.7900085449","16.5674991608","74.9960021973","289.950012207","177.4250030518","16.7000007629","63.2900009155"
"2020-05-14","12:24:00","12","203.7899017334","749.5","137.5482940674","438.049987793","16.7700004578","75.2462005615","291.4179992676","177.3399963379","16.7549991608","63.8600006104"
"2020-05-14","12:17:00","12","203.1450042725","745.1281738281","136.5500030518","435.5799865723","16.6599998474","75.0699996948","290.5199890137","176.4649963379","16.7099990845","63.0"
"2020-05-14","12:54:00","12","204.8486938477","753.5","137.5500030518","439.9400024414","17.0","76.6500015259","293.2699890137",,"16.9200000763","64.8799972534"
"2020-05-14","12:40:00","12","203.7700042725","747.7760009766","137.0099945068","438.4899902344","16.8700008392","75.7799987793","291.5400085449","177.5700073242","16.75","64.25"
"2020-05-14","12:44:00","12","203.6000061035","748.6300048828","136.4900054932","438.2099914551","16.8549995422","75.9899978638","292.2900085449","178.3000030518","16.8379993439","64.1500015259"
"2020-05-14","12:21:00","12","203.6199951172","749.3200073242","137.2400054932","437.25","16.7099990845","75.2399978638","291.6499938965","177.5099945068","16.7600002289","63.6300010681"
"2020-05-14","12:13:00","12","202.9949951172","746.0650024414","136.3798980713","435.8500061035","16.6765003204","75.6100006104","289.5650024414","177.0700073242","16.7099990845","63.1636009216"
"2020-05-14","12:55:00","12","204.9700012207","753.8800048828","137.6804046631","440.2799987793","17.0300006866","76.6399993896","293.4299926758","178.9100036621","16.9599990845","64.8600006104"
"2020-05-14","12:51:00","12","204.3600006104","751.2011108398","136.8699951172","438.6499938965","16.8899993896","76.1750030518","292.2600097656","178.4799957275","16.8281002045","64.0699996948"
"2020-05-14","12:27:00","12","203.5299987793","748.4580078125","136.8000030518","437.8403015137","16.7399997711","75.0800018311","290.5799865723",,"16.7250003815","64.1099014282"
"2020-05-14","12:47:00","12","203.7899932861","749.1199951172","136.1750030518","437.5683898926","16.8250007629","76.1800003052","291.9100036621","177.9299926758","16.8050003052","64.0199966431"
"2020-05-14","12:26:00","12","203.5350036621","747.6099853516","136.8475952148","437.3526000977","16.7250003815","75.0999984741","290.1799926758","177.0299987793","16.7299995422","63.9949989319"
"2020-05-14","12:15:00","12","203.25","746.2100219727","136.8899993896","436.0","16.6749992371","75.4300003052","290.6000061035","176.7700042725","16.7299995422","63.1199989319"
"2020-05-14","12:07:00","12","202.9299926758","745.8798828125","135.9886932373","435.7898864746","16.6399993896","75.0800018311","289.299987793","176.7299957275","16.6900005341","63.1899986267"
"2020-05-14","12:03:00","12","202.7350006104","745.0100097656","136.625","435.3200073242","16.6200008392","74.9899978638","289.9700012207","177.4100036621","16.6900005341","63.2400016785"
"2020-05-14","12:28:00","12","203.5299987793","748.2399902344","136.3600006104","438.1600036621","16.7199993134","75.0693969727","290.5","177.0500030518","16.7199993134","64.0899963379"
"2020-05-14","12:43:00","12","203.7299957275","748.2205200195","136.5200042725","438.5650024414","16.8700008392","75.9800033569","292.2200012207","178.3399963379","16.8199996948","64.3799972534"
"2020-05-14","12:00:00","12","203.1499938965","746.4998779297","136.1600036621","434.6465148926","16.5699996948","75.0299987793","290.8399963379","177.5149993896","16.7099990845","63.6699981689"
"2020-05-14","12:25:00","12","203.75","749.5","137.2559967041","437.8099975586","16.7600002289","75.1800003052","291.3099975586","177.1600036621","16.7399997711","63.7099990845"
"2020-05-14","12:58:00","12","204.8200073242","754.0999755859","138.1999969482","440.1300048828","17.0049991608","76.5699996948","294.174987793","178.6799926758","16.9599990845","64.6200027466"
"2020-05-14","12:12:00","12","203.0700073242","745.583984375","136.4100036621","435.8500061035","16.7000007629","75.6241989136","289.5700073242","176.9772033691","16.7099990845","63.2000007629"
"2020-05-14","12:29:00","12","203.4799957275","748.0900268555","136.3000030518","438.2977905273","16.7250003815","75.0609970093","290.3999938965","177.0848999023","16.7199993134","64.0599975586"
"2020-05-14","12:06:00","12","202.8800048828","745.6400146484","136.3099975586","435.8399963379","16.6049995422","75.1399993896","290.2312927246","176.8950042725","16.6998996735","63.0499992371"
"2020-05-14","12:08:00","12","202.8800048828","745.5100097656","135.9199981689","435.450012207","16.6299991608","75.0500030518","288.7300109863","176.7299957275","16.6800003052","63.1800003052"
"2020-05-14","12:49:00","12","204.0200042725","749.3298950195","136.429901123","438.0299987793","16.8500003815","76.0999984741","291.8999938965","178.3399963379","16.8299999237","64.0199966431"
"2020-05-14","12:11:00","12","202.8699951172","745.5999145508","136.0910949707","435.5100097656","16.6434001923","75.3700027466","288.8517150879","176.9100036621","16.7099990845","63.0400009155"
"2020-05-14","12:53:00","12","204.7799987793","753.700012207","137.2799987793","439.6169128418","16.9599990845","76.6399993896","293.266998291","178.8200073242","16.875","64.6500015259"
"2020-05-14","12:59:00","12","204.9277954102","754.1300048828","137.9700012207","440.3399963379","17.0200004578","76.75","293.700012207","178.4600067139","16.9300003052","64.6900024414"
"2020-05-14","12:45:00","12","203.8800048828","748.6544189453","136.4900054932","437.7900085449","16.8400001526","75.9400024414","292.0799865723","177.9700012207","16.8250007629","64.1499023438"
"2020-05-14","12:33:00","12","203.8699951172","748.1799926758","136.7140045166","438.7069091797","16.8283004761","75.4700012207","291.5899047852","177.5500030518","16.7019004822","63.8699989319"
"2020-05-14","12:04:00","12","202.9900054932","746.0004882812","136.5","435.8716125488","16.6599998474","75.1800003052","290.3500061035","177.1600036621","16.7049999237","63.2598991394"
"2020-05-14","12:37:00","12","203.8672943115","748.0","137.3600006104","438.9551086426","16.8700008392","75.7399978638","292.3099975586",,"16.7250003815","64.0"
"2020-05-14","12:09:00","12","202.8200073242","745.0830078125","135.93359375","435.2799987793","16.6200008392","75.0500030518","288.799987793","176.8600006104","16.6949996948","62.9799995422"
"2020-05-14","12:56:00","12","205.1000061035","753.7100219727","138.0","440.2099914551","17.0289993286","76.6800003052","294.4823913574","179.0","16.9799995422","64.6699981689"
"2020-05-14","12:22:00","12","203.6499938965","749.3599853516","137.4799957275","438.1799926758","16.75","75.3099975586","291.6300048828","177.4149932861","16.7700004578","63.7000007629"
"2020-05-14","12:48:00","12","203.9499969482",,"136.349899292","437.8099975586","16.8299999237","76.0999984741","291.6099853516","178.3399963379","16.8299999237","64.0459976196"
"2020-05-14","12:10:00","12","202.8999938965","745.0100097656","136.0500030518","435.200012207","16.6200008392","75.1600036621","288.8299865723","176.7799987793","16.7049999237","63.0999984741"
"2020-05-14","12:50:00","12","204.0800018311","750.5598754883","136.6199951172","438.200012207","16.8600006104","76.1399993896","291.5950012207","178.1997070312","16.8099994659","63.9099998474"
"2020-05-14","12:46:00","12","203.8500061035","747.9298706055","136.362701416","437.75","16.8250007629","76.1800003052","291.6300048828",,"16.8150005341","64.1299972534"
"2020-05-14","12:31:00","12","203.6000061035","748.2750244141","136.7200012207","438.8500061035","16.7700004578","75.2900009155","290.4363098145","176.9649963379","16.7099990845","63.8884010315"
"2020-05-14","12:16:00","12","203.150100708","745.4349975586","136.7100067139","435.9400024414","16.6550006866","75.2600021362","290.6098937988","176.6100006104","16.7199993134","63.0999984741"
"2020-05-14","12:52:00","12","204.8200073242","754.0","137.3000030518","439.5599975586","16.9400005341","76.6299972534","293.4599914551","178.6499938965","16.8799991608","64.6999969482"
"2020-05-14","12:20:00","12","203.3800048828","747.299987793","136.8899993896","436.8850097656","16.6599998474","75.1200027466","291.0797119141","177.0549926758","16.7600002289","63.4300003052"
"2020-05-14","12:42:00","12","203.8049926758","748.8599243164","136.8489990234","438.6499938965","16.8500003815","75.9499969482","292.2898864746","178.1750030518","16.8199996948","64.3700027466"
"2020-05-14","12:36:00","12","203.9299926758","748.0","137.2830047607","438.950012207","16.8500003815","75.7341995239","292.3500061035","177.716003418","16.7080001831","64.0"
"2020-05-14","12:57:00","12","205.0800018311","754.1599731445","138.2400054932","440.3299865723","17.0400009155","76.7099990845","294.5","179.0050048828","16.9899997711","64.6886978149"
"2020-05-14","12:30:00","12","203.5079956055","748.3276977539","136.4700012207","438.6000061035","16.75","75.1149978638","290.9700012207","177.1999969482","16.7350006104","63.9700012207"
"2020-05-14","12:23:00","12","203.8000030518","749.3800048828","137.7062988281","438.299987793","16.7700004578","75.2600021362","291.2247009277","177.3699951172","16.7649993896","63.7999992371"
"2020-05-14","12:34:00","12","203.8598022461","747.9299926758","136.8800048828","438.6430053711","16.8299999237","75.4699020386","291.7450866699","177.4299926758","16.7057991028","63.8100013733"
"2020-05-14","12:19:00","12","203.25","745.7843017578","136.6699981689","436.200012207","16.6499996185","75.1200027466","290.950012207","176.6399993896","16.7399997711","63.0900001526"
"2020-05-14","12:18:00","12","203.2799987793","745.6199951172","136.6499023438","435.8800048828","16.6700000763","75.2099990845","290.9400024414","176.8753967285","16.7299995422","63.0899009705"
"2020-05-14","12:32:00","12","203.7899932861","748.3399047852","136.7700042725","438.7612915039","16.8199996948","75.4599990845","291.6400146484","177.3300018311","16.7150001526","63.8699989319"
"2020-05-14","12:41:00","12","203.8699035645","748.1599731445","137.0554962158","438.5400085449","16.875","75.841003418","292.2600097656","177.8500061035","16.7700004578","64.3300018311"
"2020-05-14","13:48:00","13","205.0149993896","752.3209838867","135.0200042725","441.5199890137","16.9050006866","77.1800003052","295.0899963379","176.9900054932","16.9099998474","63.5800018311"
"2020-05-14","13:19:00","13","204.25","754.5867919922","136.3600006104","439.1799926758","16.9400005341","76.5400009155","293.3999938965","177.4499969482","16.8999996185","63.9900016785"
"2020-05-14","13:10:00","13","204.5","753.2360229492","137.3500061035","439.9198913574","16.9300003052","76.5734024048","292.7900085449","177.7200012207","16.8950004578","64.1600036621"
"2020-05-14","13:35:00","13","205.1300048828","752.799987793","136.7299957275","440.2900085449","16.9200000763","76.75","294.1900024414","177.0599975586","16.9400005341","63.6150016785"
"2020-05-14","13:16:00","13","204.1999969482","754.0","136.4900054932","439.5599975586","16.8600006104","76.3426971436","292.9400024414","177.2949981689","16.8899993896","64.0999984741"
"2020-05-14","13:08:00","13","204.1499938965","752.1599731445","136.7400054932","439.7799987793","16.9099998474","76.4599990845","292.2799987793","177.9920043945","16.8549995422","64.2452011108"
"2020-05-14","13:20:00","13","204.3000030518","755.3150024414","136.8000030518","439.2900085449","16.9549999237","76.7099990845","294.0899963379","177.4100036621","16.9150009155","63.9799003601"
"2020-05-14","13:38:00","13","205.0590057373","753.9899902344","136.5","440.5885925293","16.9400005341","76.8499984741","294.8800048828","177.2200012207","16.9398994446","63.3800010681"
"2020-05-14","13:57:00","13","204.6699981689","750.0","134.8800048828","440.6127929688","16.8400001526","76.2699966431","294.6099853516","176.5899963379","16.8449993134","63.3499984741"
"2020-05-14","13:58:00","13","204.5899963379","749.6447753906","134.6000061035","440.7898864746","16.8449993134","76.0699996948","293.8099975586","176.5399932861","16.8199996948","63.0900001526"
"2020-05-14","13:51:00","13","204.8600006104","751.7399291992","134.6100006104","441.1449890137","16.8999996185","76.9000015259","294.6149902344","176.7299957275","16.8799991608","63.6349983215"
"2020-05-14","13:03:00","13","204.6900024414","755.0250244141","137.4100036621","440.75","16.9500007629","76.3000030518","293.75","178.5","16.8899993896","64.6500015259"
"2020-05-14","13:33:00","13","205.5","754.5676269531","137.6000061035","441.299987793","16.9768009186","77.0199966431","295.2573852539","177.4900054932","16.9750003815","63.7799987793"
"2020-05-14","13:07:00","13","204.2330932617","753.0999755859","136.9580993652","440.25","16.9200000763","76.4604034424","292.3478088379","178.1399993896","16.8799991608","64.3099975586"
"2020-05-14","13:12:00","13","204.4100036621","752.700012207","137.25","439.9195861816","16.9200000763","76.5500030518","292.679901123","177.7554016113","16.8850002289","64.1800003052"
"2020-05-14","13:46:00","13","204.9299926758","752.5999145508","135.3899993896","441.299987793","16.8999996185","77.1600036621","294.799987793","177.0","16.8899993896","63.5400009155"
"2020-05-14","13:15:00","13","204.2528991699","753.6900024414","136.6799926758","439.6998901367","16.875","76.4499969482","293.6900024414","177.5299987793","16.8999996185","64.0"
"2020-05-14","13:31:00","13","205.5","755.3599853516","137.5","441.4599914551","17.0149993896","77.1100006104","296.0","177.4940948486","17.0","64.0"
"2020-05-14","13:52:00","13","204.8200073242","751.2498779297","134.9998931885","440.9700012207","16.8899993896","76.8199996948","294.8200073242","176.6499938965","16.8850002289","63.6399993896"
"2020-05-14","13:09:00","13","204.1999053955","752.1300048828","136.879699707","439.5299072266","16.9099998474","76.4749984741","292.2699890137","177.7113037109","16.8680992126","64.2499008179"
"2020-05-14","13:05:00","13","204.25","753.3499755859","137.1210021973","440.4800109863","16.9099998474","76.2699966431","292.1849975586","178.1060028076","16.8799991608","64.2300033569"
"2020-05-14","13:47:00","13","204.9600067139","752.0111083984","134.9716033936","441.5","16.9099998474","77.0899963379","294.5","176.8999938965","16.8950004578","63.5099983215"
"2020-05-14","13:36:00","13","204.9799957275","752.5173950195","136.4900054932","439.950012207","16.8999996185","76.6399993896","293.8699951172","176.8502044678","16.9300003052","63.3100013733"
"2020-05-14","13:41:00","13","204.8699951172","752.6400146484","136.0475006104","440.125","16.8649997711","76.8249969482","294.3900146484","176.7660064697","16.8799991608","63.2400016785"
"2020-05-14","13:55:00","13","204.9239959717","751.2399902344","135.2333984375","441.3898925781","16.9050006866","76.579498291","295.4715881348","176.6199951172","16.8999996185","63.6399993896"
"2020-05-14","13:50:00","13","205.0567932129","752.1099853516","134.8898925781","441.7149963379","16.9099998474","77.0299987793","295.4132080078","176.8000030518","16.8999996185","63.6599998474"
"2020-05-14","13:02:00","13","204.8699951172","755.3900146484","137.4649963379","440.6799926758","16.9750003815","76.3600006104","293.9841918945","178.5","16.9050006866","65.0"
"2020-05-14","13:49:00","13","205.0800018311","752.481628418","135.0899963379","441.7799987793","16.9249992371","77.1200027466","295.2940063477","176.9700012207","16.9099998474","63.5903015137"
"2020-05-14","13:21:00","13","204.3200073242","755.799987793","137.1000061035","439.4899902344","16.9650001526","76.7600021362","294.5700073242","177.5099945068","16.9398994446","64.2099990845"
"2020-05-14","13:28:00","13","204.8000030518","754.9799194336","136.8999938965","439.8999938965","16.9850006104","76.9800033569","294.9700012207","177.1600036621","16.9430999756","63.6100006104"
"2020-05-14","13:53:00","13","204.7599945068","750.6400146484","135.1499938965","440.8500061035","16.875","76.6999969482","294.4390869141","176.2899932861","16.8600006104","63.6500015259"
"2020-05-14","13:14:00","13","204.2700042725","752.6989746094","136.8946990967","439.7059020996","16.9300003052","76.5199966431","293.4136047363","177.6199035645","16.8799991608","64.2200012207"
"2020-05-14","13:39:00","13","205.0198974609","754.1187744141","136.4190979004","440.2799987793","16.9200992584","76.8499984741","294.4800109863","177.1383056641","16.9200000763","63.2900009155"
"2020-05-14","13:40:00","13","204.9859924316","753.9650268555","136.2899932861","440.4800109863","16.9150009155","76.8399963379","294.4399108887","176.9649963379","16.8999996185","63.2999992371"
"2020-05-14","13:29:00","13","204.9299926758","754.3735961914","136.9700012207","440.3788146973","17.0100002289","76.9625015259","295.0","177.1349945068","16.9549999237","63.5999984741"
"2020-05-14","13:54:00","13","204.7949981689","750.2399902344","135.1999969482","441.1199951172","16.8899993896","76.6500015259","295.1998901367","176.3899993896","16.875","63.6399993896"
"2020-05-14","13:00:00","13","204.9499969482","755.7598876953","137.7899017334","440.5400085449","17.0100002289","76.75","294.1440124512","178.3899993896","16.9349994659","64.7901000977"
"2020-05-14","13:26:00","13","204.8000030518","754.8400268555","136.9199981689","440.0599975586","17.0300006866","77.0462036133","294.6000061035","177.4523010254","16.9400005341","63.6199989319"
"2020-05-14","13:30:00","13","205.349899292","754.8444213867","137.1499938965","441.2699890137","17.0249996185","77.0999984741","295.4100036621","177.4299926758","16.9899997711","63.7299003601"
"2020-05-14","13:44:00","13","204.8500061035","753.1115722656","136.1504058838","440.5700073242","16.8558006287","76.8899993896","294.4750061035","177.0","16.8649997711","63.5699996948"
"2020-05-14","13:56:00","13","204.7700042725","750.9000244141","135.25","441.0799865723","16.8850002289","76.4499969482","294.7699890137","176.6999969482","16.8799991608","63.5600013733"
"2020-05-14","13:27:00","13","204.8300018311","754.6428222656","136.9799957275","440.0799865723","17.0200004578","77.0999984741","294.9684143066","177.3699951172","16.9500007629","63.4799995422"
"2020-05-14","13:42:00","13","204.8999938965","752.4824829102","136.3000030518","439.9898986816","16.8500003815","76.7600021362","294.5","176.8500061035","16.8799991608","63.2200012207"
"2020-05-14","13:34:00","13","205.3099975586","753.600402832","136.9400024414","440.9598999023","16.9500007629","76.9000015259","294.5950012207","177.2100067139","16.9599990845","63.7599983215"
"2020-05-14","13:25:00","13","204.6896972656","754.3599853516","136.9499969482","440.0700073242","16.9799995422","76.9800033569","294.6700134277","177.2299957275","16.9300003052","63.6199989319"
"2020-05-14","13:24:00","13","204.2200012207","754.3399047852","136.5","439.3399963379","16.9449996948","76.7200012207","294.3699951172","177.3000030518","16.9081001282","63.7900009155"
"2020-05-14","13:22:00","13","204.3898925781","755.3400268555","137.099899292","439.3399963379","16.9699993134","76.7600021362","294.2699890137","177.4600067139","16.9200000763","64.2799987793"
"2020-05-14","13:43:00","13","204.8251953125","752.9699707031","136.25","440.2098999023","16.8600006104","76.8099975586","294.7155151367","177.0196075439","16.8899993896","63.2900009155"
"2020-05-14","13:37:00","13","204.8899993896","752.5800170898","136.3899993896","439.9750061035","16.9050006866","76.6399993896","294.299987793","176.9900054932","16.9099998474","63.4199981689"
"2020-05-14","13:01:00","13","205.0","755.8200073242","137.6199951172","440.8999938965","16.9911994934","76.5999984741","294.3898925781","178.4181976318","16.9249992371","64.8000030518"
"2020-05-14","13:59:00","13","204.6000061035","749.3699951172","134.6398010254","440.4760131836","16.7999992371","76.0299987793","293.4899902344","176.5200042725","16.8199996948","63.0900001526"
"2020-05-14","13:13:00","13","204.3500061035","752.5399169922","137.1000061035","439.7520141602","16.9200000763","76.5100021362","293.4899902344","177.6199951172","16.8799991608","64.1800003052"
"2020-05-14","13:06:00","13","204.2599945068","753.2249755859","137.1499938965","440.2699890137","16.8999996185","76.4000015259","292.6300048828","178.2100067139","16.8850002289","64.2300033569"
"2020-05-14","13:11:00","13","204.4199981689","752.8900146484","137.3195037842","439.8299865723","16.9200000763","76.5299987793","292.9599914551","177.8399963379","16.8799991608","64.1900024414"
"2020-05-14","13:17:00","13","204.2799987793","754.450012207","136.5","439.6470947266","16.8962993622","76.5100021362","293.2300109863","177.4299926758","16.9099998474","64.0989990234"
"2020-05-14","13:32:00","13","205.6399993896","754.5800170898","137.5399932861","441.200012207","16.9782009125","77.0899963379","295.2600097656","177.4400024414","16.9699993134","63.8300018311"
"2020-05-14","13:18:00","13","204.1820068359","754.2479248047","136.4600067139","439.3640136719","16.8999996185","76.5299987793","292.8399963379","177.37109375","16.8899993896","64.0400009155"
"2020-05-14","13:23:00","13","204.3699951172","755.125","136.7512969971","439.5299987793","16.9599990845","76.8199996948","294.7499084473","177.4299926758","16.9150009155","64.1100006104"
"2020-05-14","13:04:00","13","204.4600067139","753.9517822266","137.3683013916","440.5599975586","16.9363002777","76.2373962402","292.4100036621","178.3300018311","16.8899993896","64.5199966431"
"2020-05-14","13:45:00","13","204.849899292","751.9326171875","135.8000030518","440.799987793","16.8600006104","76.9700012207","294.6600036621","177.0500030518","16.8549995422","63.4399986267"
"2020-05-14","14:08:00","14","204.4299926758","748.4262084961","134.8099975586","439.4299926758","16.8250007629","76.125","292.700012207","176.6799926758","16.7900009155","63.0999984741"
"2020-05-14","14:40:00","14","204.1900024414","746.5900268555","134.6347961426","439.4299926758","16.7999992371","76.3600006104","292.5456848145","177.2100067139","16.8199996948","63.2299995422"
"2020-05-14","14:48:00","14","203.6950073242","747.9105224609","134.8000030518","438.8500061035","16.75","76.7397003174","293.1893920898","177.3500061035","16.8250007629","64.1299972534"
"2020-05-14","14:09:00","14","204.4299926758","748.2600097656","135.0","439.3599853516","16.8250007629","76.0999984741","292.4150085449","176.7299957275","16.7800006866","63.1150016785"
"2020-05-14","14:46:00","14","203.9100036621","747.7440185547","134.9799957275","438.9800109863","16.7800006866","76.6697998047","292.8689880371","177.5010070801","16.8299999237","63.8599014282"
"2020-05-14","14:38:00","14","204.3500061035","747.0700073242","134.4900054932","439.8200073242","16.8199996948","76.3000030518",,"177.0800018311","16.8349990845","63.0699996948"
"2020-05-14","14:13:00","14","204.5200042725","751.2830200195","135.345703125","439.7799987793","16.8700008392","76.3499984741","293.8399963379","177.0299987793","16.7900009155","63.0583992004"
"2020-05-14","14:06:00","14","204.2299957275","748.4099731445","134.3899993896","439.0397949219","16.7700004578","75.8600006104","291.5199890137","176.2599945068","16.7350006104","63.0798988342"
"2020-05-14","14:10:00","14","204.3800048828","748.9306030273","135.0","439.4400024414","16.8281993866","76.0800018311","292.8099975586","176.8350067139","16.7800006866","63.0858001709"
"2020-05-14","14:43:00","14","203.7899932861","746.0599975586","134.3999938965","438.8200073242","16.7399997711","76.2099990845","292.0700073242","177.0599975586","16.7849998474","63.3800010681"
"2020-05-14","14:11:00","14","204.4669952393","749.3994140625","135.3699951172","439.5899963379","16.8682003021","76.0999984741","292.549987793","177.0","16.7999992371","63.0999984741"
"2020-05-14","14:50:00","14","203.5599975586","747.3798828125","134.7369995117","438.75","16.7450008392","76.6999969482","293.0","177.2799987793","16.8099994659","63.9500007629"
"2020-05-14","14:36:00","14","204.3200073242","745.0360107422","134.5599060059","439.4400024414","16.8199996948","76.3099975586","292.8599853516","177.0350036621","16.8199996948","63.0900001526"
"2020-05-14","14:20:00","14","204.7299957275","749.3610229492","134.81199646","440.7799987793","16.8798999786","76.4100036621","293.2300109863","177.3000030518","16.7999992371","63.1100006104"
"2020-05-14","14:41:00","14","204.0200042725","746.2600097656","134.358001709","439.2398986816","16.7700004578","76.3099975586","292.2900085449","177.0899963379","16.8099994659","63.1999015808"
"2020-05-14","14:55:00","14","203.9799041748","750.2600097656","135.1799926758","439.5199890137","16.8600006104","77.0100021362","294.1099853516","177.6199951172","16.8899993896","63.9500007629"
"2020-05-14","14:12:00","14","204.5500030518","751.2299804688","135.7301025391","439.7699890137","16.8899993896","76.2799987793","293.549987793","177.0299987793","16.8099994659","63.1300010681"
"2020-05-14","14:37:00","14","204.3500061035","746.9962158203","134.3500061035","439.825012207","16.8299999237","76.3099975586","293.4100036621","177.0099945068","16.8299999237","63.0999984741"
"2020-05-14","14:04:00","14","204.4400024414","749.7628173828","134.4358062744","439.6900024414","16.8099994659","75.8799972534","291.9700012207","176.4299926758","16.789899826","63.1734008789"
"2020-05-14","14:49:00","14","203.6699981689","747.7650146484","134.8970031738","438.7900085449","16.7590999603","76.7399978638","293.3210144043","177.3493041992","16.8250007629","63.9599990845"
"2020-05-14","14:02:00","14","204.2899932861","748.0599975586","134.3000030518","439.8149108887","16.7350006104","75.6800003052","291.700012207","176.2799987793","16.7600002289","63.0787010193"
"2020-05-14","14:33:00","14","204.7700042725","746.8400268555","135.2799987793","441.0100097656","16.7950000763","76.5800018311","294.3699951172","177.7100067139","16.8400001526","63.0400009155"
"2020-05-14","14:51:00","14","203.7200012207","748.3698730469","134.9700012207","439.2898864746","16.7763004303","76.75","293.5","177.3000030518","16.8500003815","63.9799995422"
"2020-05-14","14:14:00","14","204.4900054932","751.1013793945","135.2299957275","439.8299865723","16.8649997711","76.3600006104","293.6512145996","177.0","16.7900009155","63.0499992371"
"2020-05-14","14:05:00","14","204.3300018311","748.7098999023","134.4199981689","439.6099853516","16.7900009155","75.8300018311","291.5100097656","176.2550048828","16.7600002289","63.1699981689"
"2020-05-14","14:19:00","14","204.5670928955","748.8471069336","134.7400054932","440.4200134277","16.8649997711","76.2600021362","292.9100036621","177.0","16.7800006866","63.1300010681"
"2020-05-14","14:53:00","14","203.8200073242","750.4600219727","135.25","439.8900146484","16.8199996948","76.9800033569","293.2200927734","177.5249938965","16.8850002289","64.0"
"2020-05-14","14:34:00","14","204.5099945068","745.5236816406","135.1600036621","440.2399902344","16.7900009155","76.4000015259","293.2799987793","177.4400024414","16.8199996948","62.9599990845"
"2020-05-14","14:15:00","14","204.6853027344","751.75","135.3065032959","440.5356140137","16.8899993896","76.4300003052","293.8999938965","177.2299957275","16.8150005341","63.1699981689"
"2020-05-14","14:29:00","14","204.9850006104","747.9390258789","135.0","441.3999938965","16.8349990845","76.5899963379","294.0899047852","177.6150054932","16.8400001526","63.0800018311"
"2020-05-14","14:39:00","14","204.1813049316","745.8499755859","134.6295928955","439.3200073242","16.7900009155","76.1949996948","292.8099975586","177.0099945068","16.8099994659","63.1100006104"
"2020-05-14","14:32:00","14","204.8899993896","746.6199951172","135.5899963379","441.0","16.8299007416","76.6050033569","294.5","177.8099975586","16.8600006104","63.0900001526"
"2020-05-14","14:17:00","14","204.5800018311","750.5399780273","135.0","440.8399963379","16.8899993896","76.4598999023","293.7950134277","177.1000061035","16.8199996948","63.2400016785"
"2020-05-14","14:35:00","14","204.3200073242","744.799987793","134.7400054932","439.7799987793","16.7849998474","76.375","292.799987793","177.0099945068","16.8199996948","62.9300003052"
"2020-05-14","14:30:00","14","204.9799957275","747.8292236328","135.5299987793","441.4400024414","16.8386993408","76.6500015259","294.0","177.5500030518","16.8600006104","63.0400009155"
"2020-05-14","14:01:00","14","204.4051055908","748.1099243164","134.7599945068","440.3099975586","16.7450008392","75.8050003052","292.0","176.3099975586","16.7900009155","63.0999984741"
"2020-05-14","14:03:00","14","204.3600006104","748.924987793","134.1900024414","439.700012207","16.7700004578","75.7199020386","291.75","176.3399963379","16.7649993896","63.0"
"2020-05-14","14:22:00","14","204.9199981689","749.4337158203","135.1499938965","440.6900024414","16.9050006866","76.4499969482","293.1000061035","177.3300018311","16.8250007629","63.1100006104"
"2020-05-14","14:45:00","14","203.9151000977","747.8599243164","134.9700012207","439.0","16.7700004578","76.6399993896","293.0","177.2599945068","16.8199996948","63.6699981689"
"2020-05-14","14:24:00","14","204.6499938965","748.8800048828","135.1000061035","440.8999938965","16.875","76.5500030518","293.8900146484","177.4199981689","16.8400001526","63.1100006104"
"2020-05-14","14:21:00","14","204.9349975586","749.7100219727","134.8600006104","440.7200012207","16.9050006866","76.4700012207","293.4700012207","177.3600006104","16.8299999237","63.1100006104"
"2020-05-14","14:18:00","14","204.5800018311","749.950012207","135.0099945068","440.6849975586","16.8850002289","76.4163970947","293.3800048828","177.0299987793","16.8050003052","63.1699981689"
"2020-05-14","14:25:00","14","204.7100067139","748.9299926758","134.8684997559","441.1700134277","16.8899993896","76.5699996948","294.200012207","177.5299987793","16.8598995209","63.1094017029"
"2020-05-14","14:54:00","14","203.8600006104","750.5399169922","135.2200012207","439.7900085449","16.8400001526","77.0199966431","293.8099975586","177.5500030518","16.8899993896","63.9513015747"
"2020-05-14","14:44:00","14","203.9600067139","747.0700073242","134.5","439.1499938965","16.7900009155","76.4700012207","292.9200134277","177.1399993896","16.8250007629","63.4413986206"
"2020-05-14","14:58:00","14","204.2485046387","750.5","135.0299987793","439.950012207","16.8899993896","77.2200012207","295.5299072266","177.5299987793","16.9200000763","63.8800010681"
"2020-05-14","14:26:00","14","204.7100067139","748.7440795898","134.7599945068","441.3699951172","16.8862991333","76.5199966431","294.0100097656","177.3899993896","16.8500003815","63.0999984741"
"2020-05-14","14:42:00","14","203.8549957275","746.4598999023","134.25","438.6400146484","16.7399997711","76.25","291.9688110352","177.1199951172","16.7950000763","63.3199996948"
"2020-05-14","14:56:00","14","204.125","750.799987793","135.1499938965","439.6300048828","16.8549995422","77.0100021362","294.7247924805","177.5","16.8950004578","63.8199996948"
"2020-05-14","14:31:00","14","204.8099975586","747.3499145508","135.7100067139","441.1300048828","16.8349990845","76.5699996948","294.2699890137","177.4600067139","16.8425006866","63.0299987793"
"2020-05-14","14:23:00","14","204.7400054932","749.1799926758","135.2299957275","441.0","16.8899993896","76.5599975586","293.5","177.4600067139","16.8349990845","63.1100006104"
"2020-05-14","14:00:00","14","204.5299987793","748.625","134.7783050537","440.5199890137","16.7849998474","75.9400024414","292.7898864746","176.5549926758","16.8050003052","63.1898994446"
"2020-05-14","14:59:00","14","204.2700042725","750.4354248047","135.0","439.8800048828","16.8652000427","77.2600021362","295.7699890137","177.6100006104","16.9099998474","63.9500007629"
"2020-05-14","14:27:00","14","204.7200012207","748.700012207","134.6000061035","441.3900146484","16.8850002289","76.5879974365","294.1000061035","177.4850006104","16.8500003815","63.0800018311"
"2020-05-14","14:47:00","14","203.8699951172","747.5264282227","134.9161071777","438.9599914551","16.7476997375","76.6753997803","292.9100036621","177.3600006104","16.8099994659","63.9199981689"
"2020-05-14","14:28:00","14","204.9100036621","748.0","134.7373046875","441.25","16.8349990845","76.5298995972","293.6799926758","177.5200042725","16.8299999237","63.0400009155"
"2020-05-14","14:07:00","14","204.2400054932","748.0","134.4799957275","439.4899902344","16.7999992371","75.8850021362","291.4132080078","176.4062957764","16.7600002289","63.0"
"2020-05-14","14:52:00","14","203.8099975586","750.2197875977","135.2400054932","439.700012207","16.8199996948","76.9300003052","294.0","177.3500061035","16.875","63.9850006104"
"2020-05-14","14:57:00","14","204.2700042725","751.799987793","135.1999969482","440.1499938965","16.8999996185","77.1800003052","295.549987793","177.6950073242","16.9200000763","63.8899002075"
"2020-05-14","14:16:00","14","204.5599975586","751.3549804688","135.2799987793","440.4800109863","16.8850002289","76.3600006104","293.9400024414","177.1699981689","16.8099994659","63.2000007629"
"2020-05-14","15:21:00","15","204.6399993896","749.9498901367","134.5299987793","439.1000061035","16.9099998474","77.2764968872","296.0350036621","177.0800018311","16.8700008392","64.1999969482"
"2020-05-14","15:25:00","15","205.0299987793","751.108215332","135.0599975586","440.4899902344","16.9599990845","77.7099990845","297.2799987793","177.4799957275","16.9099998474","64.3799972534"
"2020-05-14","15:20:00","15","204.6600036621","749.9998779297","134.7700042725","438.7600097656","16.9200000763","77.2399978638","296.0700073242","177.1600036621","16.8899993896","64.0899963379"
"2020-05-14","15:32:00","15","205.0800018311","749.450012207","135.1300048828","441.0400085449","16.9850006104","77.7699966431","296.799987793","177.5399932861","16.8999996185","64.6500015259"
"2020-05-14","15:37:00","15","204.8300018311","751.5","134.5771026611","440.3099975586","16.9822006226","77.7050018311","296.8799133301","177.5149993896","16.8449993134","64.9800033569"
"2020-05-14","15:43:00","15","204.6399993896","752.0800170898","134.8300018311","439.7200012207","16.9950008392","77.7200012207","296.4800109863","177.3000030518","16.8500003815","64.9649963379"
"2020-05-14","15:10:00","15","204.7799987793","750.9600219727","135.2200012207","439.8259887695","16.9449996948","77.5100021362","296.7049865723","177.5899963379","16.9400005341","64.2399978638"
"2020-05-14","15:26:00","15","204.9100036621","751.2199707031","135.0599975586","440.4800109863","16.9899997711","77.7600021362","297.1090087891","177.4299926758","16.9099006653","64.5599975586"
"2020-05-14","15:41:00","15","204.7400054932","752.0200195312","134.9900054932","440.2950134277","16.9899997711","77.6800003052","296.2156982422","177.3099975586","16.8250007629","64.9850006104"
"2020-05-14","15:42:00","15","204.7221984863","752.6799926758","135.0299987793","439.8599853516","17.0100002289","77.75","296.3099975586","177.3300018311","16.8500003815","65.0"
"2020-05-14","15:07:00","15","204.6000061035","749.7343139648","134.9900054932","439.450012207","16.9200000763","77.2900009155","296.299987793","177.75","16.9400005341","64.25"
"2020-05-14","15:18:00","15","204.5299987793","749.2640991211","134.9499969482","438.5599975586","16.9200000763","77.0100021362","296.0","177.1799926758","16.8700008392","64.0199966431"
"2020-05-14","15:46:00","15","204.9900054932","754.7899780273","135.1649932861","440.282989502","17.0450000763","78.0199966431","297.1499023438","177.2135009766","16.8799991608","65.1900024414"
"2020-05-14","15:17:00","15","204.7250061035","749.6798706055","134.7899932861","438.6900024414","16.9099998474","77.1549987793","296.6099853516","177.1199951172","16.8999996185","64.2200012207"
"2020-05-14","15:00:00","15","204.2799987793","750.0999755859","134.8600006104","439.6799926758","16.875","77.2399978638","295.7600097656","177.6199951172","16.9071998596","63.9799995422"
"2020-05-14","15:13:00","15","204.6799926758","750.5700073242","135.1100006104","439.1400146484","16.9500007629","77.3899993896","296.8500061035","177.6100006104","16.9400005341","64.25"
"2020-05-14","15:23:00","15","204.9499969482","751.2399902344","134.5599975586","439.8399963379","16.9300003052","77.5049972534","297.2443847656","177.404800415","16.9300003052","64.2200012207"
"2020-05-14","15:59:00","15","206.9299926758","755.3900146484","135.5299987793","442.1400146484","17.0538005829","78.2300033569","297.6400146484","177.5","16.9400005341","65.3799972534"
"2020-05-14","15:45:00","15","204.9900054932","754.4899902344","134.9270019531","440.2399902344","17.0400009155","77.9749984741","297.299987793","177.3699035645","16.8799991608","65.1200027466"
"2020-05-14","15:12:00","15","204.6000061035","750.6798706055","135.0399932861","439.3299865723","16.9400005341","77.260597229","296.3400878906","177.4299926758","16.9249992371","64.25"
"2020-05-14","15:24:00","15","205.0200042725","751.2498779297","134.8999023438","440.25","16.9449996948","77.6100006104","297.6700134277","177.4882049561","16.9200000763","64.3899993896"
"2020-05-14","15:54:00","15","206.8699951172","754.1188964844","135.8500061035","441.5","17.0699005127","78.0800018311","297.0199890137","176.9199981689","16.9500007629","65.8699035645"
"2020-05-14","15:27:00","15","204.9299926758","751.0999755859","135.4499969482","440.6000061035","17.0100002289","77.8199996948","297.3999938965","177.4199981689","16.8999996185","64.6598968506"
"2020-05-14","15:53:00","15","206.6199951172","754.0100097656","135.7449951172","441.299987793","17.0699996948","78.0090026855","297.0799865723","176.5724945068","16.9500007629","65.3499984741"
"2020-05-14","15:28:00","15","204.8500061035","751.5","135.3475036621","440.5599975586","17.0","77.8700027466","297.207611084","177.3000030518","16.8999996185","64.6399993896"
"2020-05-14","15:35:00","15","204.8699951172","750.0296020508","134.7799987793","440.8741149902","16.9500007629","77.7350006104","296.6506958008","177.3699951172","16.8850002289","64.9499969482"
"2020-05-14","15:48:00","15","204.8999938965","755.0","135.3999938965","439.8900146484","17.0400009155","77.9850006104","296.7799987793","176.7700042725","16.8680992126","64.9499969482"
"2020-05-14","15:38:00","15","204.7799987793","752.5","134.7200012207","439.9100036621","17.0","77.6999969482","296.8450012207","177.5700073242","16.8500003815","65.0"
"2020-05-14","15:14:00","15","204.6000061035","749.9149780273","134.8677062988","438.8599853516","16.9300003052","77.2512969971","296.729888916","177.3600006104","16.9400005341","64.25"
"2020-05-14","15:31:00","15","204.9700012207","749.7880249023","135.2698974609","440.6799926758","16.9799995422","77.7799987793","296.8999938965","177.1549987793","16.8850002289","64.7199020386"
"2020-05-14","15:39:00","15","204.8099975586","752.9598999023","134.7286987305","440.1325073242","16.9799995422","77.7450027466","296.7799987793","177.4499969482","16.8400001526","64.9649963379"
"2020-05-14","15:06:00","15","204.5948944092","749.7600097656","134.9900054932","439.5","16.8950004578","77.3000030518","296.25","177.7700042725","16.9300003052","64.25"
"2020-05-14","15:50:00","15","205.9299926758","755.5700073242","135.6000061035","441.0","17.0900001526","78.1900024414","297.2200012207","176.8699951172","16.9099998474","65.25"
"2020-05-14","15:56:00","15","206.75","753.9899902344","135.5","441.1400146484","17.0400009155","78.0","296.9750061035","176.6300048828","16.9249992371","65.6200027466"
"2020-05-14","15:55:00","15","206.8800048828","754.1099853516","135.3999938965","441.3999938965","17.0599994659","78.0400009155","296.9800109863","176.8648986816","16.9400005341","65.8600006104"
"2020-05-14","15:19:00","15","204.5800018311","749.3499145508","134.8500061035","438.6600036621","16.9200000763","77.1299972534","296.2300109863","177.1999969482","16.8700008392","64.0899963379"
"2020-05-14","15:22:00","15","204.7100067139","750.0396728516","134.2899932861","439.4899902344","16.9200000763","77.3199996948","296.5400085449","177.1849975586","16.8950004578","64.1999969482"
"2020-05-14","15:44:00","15","204.8699951172","753.1199951172","134.8000030518","439.7300109863","17.0450000763","77.7900009155","296.799987793","177.3200073242","16.8500003815","64.9700012207"
"2020-05-14","15:15:00","15","204.6499938965","749.0300292969","134.7850036621","439.0199890137","16.9200000763","77.1917037964","296.6000061035","177.4100036621","16.8999996185","64.2350006104"
"2020-05-14","15:49:00","15","205.1300048828","755.5","135.3800048828","440.1499023438","17.0599994659","78.1999969482","297.0","177.0149993896","16.8799991608","64.9499969482"
"2020-05-14","15:30:00","15","204.9349975586","751.0","135.4900054932","441.1943969727","17.0300006866","77.8700027466","297.299987793","177.3699951172","16.9099998474","64.7200012207"
"2020-05-14","15:34:00","15","204.9371948242","750.3150024414","134.8399963379","441.2699890137","16.9799995422","77.8199996948","296.7777099609","177.5500030518","16.8899993896","64.8499984741"
"2020-05-14","15:36:00","15","204.6100006104","749.7498779297","134.4440002441","440.2099914551","16.9500007629","77.4749984741","296.1600036621","177.2850036621","16.8579998016","64.9199981689"
"2020-05-14","15:08:00","15","204.8399963379","750.9600219727","135.25","439.8970031738","16.9599990845","77.5","296.595489502","177.7400054932","16.9699993134","64.25"
"2020-05-14","15:05:00","15","204.5700073242","750.1821289062","134.9199981689","439.6700134277","16.9050006866","77.2200012207","296.1000061035","177.8500061035","16.9549999237","64.25"
"2020-05-14","15:11:00","15","204.6399993896","750.3699951172","134.9700012207","439.6000061035","16.9500007629","77.3099975586","296.4899902344","177.4499969482","16.9349994659","64.2300033569"
"2020-05-14","15:02:00","15","204.3500061035","750.6799926758","135.0","439.729888916","16.8950004578","77.3199996948","295.6449890137","177.5800018311","16.9449996948","64.1062011719"
"2020-05-14","15:51:00","15","206.1000061035","755.2700195312","135.7599945068","441.2699890137","17.0900001526","78.1500015259","297.3800048828","176.6273956299","16.9300003052","65.25"
"2020-05-14","15:03:00","15","204.4600067139","750.8800048828","134.9700012207","439.7813110352","16.9099998474","77.4599990845","295.7799987793","177.6399993896","16.9599990845","64.0199966431"
"2020-05-14","15:29:00","15","204.8399963379","750.7199707031","135.3500061035","441.1799926758","17.0049991608","77.7300033569","297.0849914551","177.1900024414","16.8799991608","64.7200012207"
"2020-05-14","15:09:00","15","204.8500061035","751.4799194336","135.2498931885","439.8599853516","16.9549999237","77.5400009155","296.9800109863","177.6900024414","16.9699993134","64.25"
"2020-05-14","15:16:00","15","204.8699951172","750.4899902344","134.9098968506","439.0899047852","16.9400005341","77.2900009155","296.6300048828","177.3099975586","16.9249992371","64.25"
"2020-05-14","15:47:00","15","204.8000030518","754.4099731445","135.3500061035","439.9150085449","17.0400009155","77.9800033569","296.7099914551","176.9100036621","16.8700008392","65.1895980835"
"2020-05-14","15:40:00","15","204.9799957275","753.0999755859","134.9900054932","440.4099121094","17.0200004578","77.7200012207","296.6700134277","177.3999938965","16.8500003815","65.0"
"2020-05-14","15:01:00","15","204.1699981689","750.2700195312","134.8399963379","439.25","16.8799991608","77.25","295.549987793","177.4700012207","16.9099998474","63.9500007629"
"2020-05-14","15:52:00","15","206.1338043213","754.9799804688","135.5950012207","441.2900085449","17.0699996948","78.1500015259","297.3500061035","176.6999969482","16.9500007629","65.2600021362"
"2020-05-14","15:57:00","15","206.4600067139","754.0999755859","135.5","441.1400146484","17.0300006866","78.25","297.0899047852","176.7400054932","16.9200000763","65.4800033569"
"2020-05-14","15:33:00","15","205.1399993896","750.0","134.8399963379","441.2900085449","16.9899997711","77.8600006104","297.1875","177.6000061035","16.9099998474","64.8300018311"
"2020-05-14","15:58:00","15","206.5","754.700012207","135.3513946533","440.9899902344","17.0300006866","78.2099990845","297.1000061035","176.7700042725","16.9099998474","65.4800033569"
"2020-05-14","15:04:00","15","204.5800018311","750.5729980469","135.0","439.7300109863","16.9150009155","77.3499984741","296.0498962402","177.7700042725","16.9659996033","64.25"
